Prefix,ISO,Desc,InternalRost,Rate
1204,,canada,0.00345,0.01035
1204200,,canada,0.00186,0.00558
1204201,,canada,0.0017,0.0051
